feature,importance
MedInc,0.3699448561666179
Latitude,0.13879351389772077
Longitude,0.13764526728987153
AveOccup,0.11934474750308491
AveRooms,0.1129980141223618
HouseAge,0.05354788798115311
AveBedrms,0.03876946617635384
Population,0.028956246862836165
