feature,importance
MedInc,0.31562104060273916
Longitude,0.17166963192460105
Latitude,0.1694024390071453
AveOccup,0.12077337491592764
AveRooms,0.10227717825575434
HouseAge,0.05398952686179774
AveBedrms,0.033270507933628804
Population,0.03299630049840602
